{"cameraMode":{"drawMode":0,"name":"Shaded","section":"Shading Mode"},"sceneLighting":true,"audioPlay":false,"sceneViewState":{"m_AlwaysRefresh":false,"showFog":true,"showSkybox":true,"showFlares":true,"showImageEffects":true,"showParticleSystems":true,"showVisualEffectGraphs":true,"m_FxEnabled":true},"in2DMode":false,"pivot":{"x":2.515666961669922,"y":5.630917072296143,"z":9.771055221557618},"rotation":{"x":-0.003292075591161847,"y":-0.12923766672611237,"z":0.0003479206934571266,"w":-0.9916895031929016},"size":20.22369956970215,"orthographic":false}