{"cameraMode":{"drawMode":0,"name":"Shaded","section":"Shading Mode"},"sceneLighting":false,"audioPlay":false,"sceneViewState":{"m_AlwaysRefresh":false,"showFog":true,"showSkybox":false,"showFlares":true,"showImageEffects":true,"showParticleSystems":true,"showVisualEffectGraphs":true,"m_FxEnabled":true},"in2DMode":false,"pivot":{"x":-10.359999656677246,"y":0.029999971389770509,"z":11.859999656677246},"rotation":{"x":-0.08563953638076782,"y":-0.04093317687511444,"z":0.0034566079266369344,"w":-0.9955399036407471},"size":7.584153175354004,"orthographic":false}